JobProfileName,CompanyName,DatePosted
US Onsite Opportunity - Software Professionals,DataQuest Corp,7 days ago
RPA Developer,Volvo Group 4.1,2 hours ago
Associate 2 - RPA Developer - Bangalore,KPMG 4.0,30+ days ago
UI Path & RPA Developer,Menorah Personnel Management India Private,20 days ago
RPA Developer,Infosys technology limited 3.9,30+ days ago
RPA Developer,Krish Tech Inc,25 days ago
RPA Developer,Capgemini 3.8,30+ days ago
Sr. RPA Developer,Merck KGaA 4.0,30+ days ago
Developer - RPA,Hudson's Bay Company 3.7,30+ days ago
Looking for RPA Developers,Careator Technologies,30+ days ago
US Onsite Opportunity - Software Professionals,DataQuest Corp,7 days ago
RPA Developer,Volvo Group 4.1,2 hours ago
Associate 2 - RPA Developer - Bangalore,KPMG 4.0,30+ days ago
UI Path & RPA Developer,Menorah Personnel Management India Private,20 days ago
RPA Developer,Infosys technology limited 3.9,30+ days ago
RPA Developer,Krish Tech Inc,25 days ago
RPA Developer,Capgemini 3.8,30+ days ago
Sr. RPA Developer,Merck KGaA 4.0,30+ days ago
Developer - RPA,Hudson's Bay Company 3.7,30+ days ago
Looking for RPA Developers,Careator Technologies,30+ days ago
